{"cameraMode":{"drawMode":0,"name":"Shaded","section":"Shading Mode"},"sceneLighting":true,"audioPlay":false,"sceneViewState":{"showFog":true,"showMaterialUpdate":false,"showSkybox":true,"showFlares":true,"showImageEffects":true,"showParticleSystems":true},"in2DMode":false,"pivot":{"x":-3.291863441467285,"y":-1.7379388809204102,"z":24.86020278930664},"rotation":{"x":-0.07638734579086304,"y":0.09467429667711258,"z":-0.007286203559488058,"w":-0.992546558380127},"size":23.84800910949707,"orthographic":false}