{"cameraMode":{"drawMode":0,"name":"Shaded","section":"Shading Mode"},"sceneLighting":true,"audioPlay":false,"sceneViewState":{"showFog":true,"showMaterialUpdate":false,"showSkybox":true,"showFlares":true,"showImageEffects":true,"showParticleSystems":true},"in2DMode":false,"pivot":{"x":-0.015395269729197026,"y":0.7654957175254822,"z":0.3048279881477356},"rotation":{"x":-0.02608538046479225,"y":0.7426731586456299,"z":-0.028979001566767694,"w":-0.6685180068016052},"size":5.751607894897461,"orthographic":true}